,Source,SS,DF,MS,F,p-unc,np2,eps
0,session,4177.733333333334,2,2088.866666666667,58.64857276555923,1.661863078433179e-05,0.9361517777113834,0.9391208339699649
1,Error,284.93333333333317,8,35.616666666666646,,,,
